CW,H or P,Response Total,Most Dominant Definition,% Most Dominant,Second Most Dominant Definition,% Second Most Dominant,%  Two Most Dominant ,Dominance Score,Post-Norming H or P,Notes
ACT,P,94,perform in a dramatic work,0.66,test,0.26,0.92,0.61,H,Norming Def 2 is acronym and not listed in WS dictionary
ADDITION,P,189,a mathematical operation in which the sum ,0.93,part added to a building or piece of land,0.05,0.98,0.95,,
ADMIT,P,95,confess or acknowledge,0.56,allow to enter; let in,0.44,1.00,0.22,,
AFFAIR,P,96,a sexual relationship between two people who are not married to each other,0.85,an event or happening,0.15,1.00,0.83,,
AIM,P,95,"to point (a weapon, missile, etc.) ",0.58,texting,0.24,0.81,0.59,,
ALLEY,H,93,a narrow passageway between or behind buildings.,0.96,"a long, narrow area in which games such as bowling are played.",0.04,1.00,0.96,P,2nd WS Homonym def is obscure (marble)
ALLIGATOR,P,93,a large semiaquatic reptile,1.00,the skin of the alligator ,0.00,1.00,1.00,,
AMAZON,P,96,online shopping,0.70,rainforest/jungle,0.30,1.00,0.57,H,Company name is not listed in WS dictionary
AMBER,P,96,having the yellow color of amber.,0.36,hard translucent fossilized resin ,0.33,0.69,0.10,H,Def 3 girl's name is not in dictionary
ANSWER,P,93,"a reply, either spoken or written, as to a question",0.54,"a solution, especially of a mathematical problem",0.46,1.00,0.15,,
APPEAL,P,94,"the power to attract, please, stimulate, or interest ",0.63,judicial review by a superior court of the decision of a lower tribunal,0.37,1.00,0.42,,
APPLE,P,96,fruit of the apple tree,0.88,tree,0.07,0.95,0.92,,
ARMS,H,96,upper limbs of the human body,0.80,weapons collectively,0.20,0.99,0.75,,
ARTICLE,P,96,"a piece of writing included with others in a newspaper, magazine, ",0.87,"particular item or object, typically one of a specified type.",0.13,1.00,0.86,,
ATMOSPHERE,P,191,envelope of gases surrounding the earth or another planet.,0.87,"pervading tone or mood of a place, situation, or work of art.",0.13,1.00,0.85,,
BACK,P,96,rear surface of the human body ,0.56,toward the rear;,0.44,1.00,0.22,,
BAG,P,95,a container made of flexible material ,0.81,contents of a bag,0.19,1.00,0.76,,
BALANCE,P,93,an even distribution of weight,0.65,credit and debit totals of (an account) ,0.29,0.94,0.55,,
BALL,H,96,spherical or nearly spherical body or mass,0.95,"a social function for dancing,",0.05,1.00,0.94,,
BAMBOO,P,190,any tall treelike tropical or semitropical fast-growing grass,0.88,"stem of any of these plants, used for building, poles, and furniture",0.12,1.00,0.86,,
BANANA,P,94,crescent-shaped yellow fruit ,0.97,treelike plants ,0.03,1.00,0.97,,
BAND,H,192,a group of musicians ,0.79,"thin flat strip of some material, ",0.21,1.00,0.73,,
BANK,H,96,a financial establishment,0.99,land alongside or sloping down to a river or lake.,0.01,1.00,0.99,,
BAR,H,96,a counter across which alcoholic drinks or refreshments are served.,0.76,an amount of food or another substance formed into a regular narrow block.,0.24,1.00,0.69,P,2nd WS Homonym def is obscure (unit of pressure)
BARK,H,93,"cry of certain animals, especially a dog,",0.58,"protective outer sheath of the trunk, branches, and twigs of a tree",0.42,1.00,0.26,,
BARREL,P,96,"cylindrical container bulging out in the middle, traditionally made of wooden staves",0.72,contents,0.22,0.94,0.69,,
BASE,H,95,baseball: one of the four stations that must be reached in turn to score a run.,0.48,"the lowest part or edge of something, especially the part on which it rests or is supported.",0.28,0.76,0.42,P,2nd WS Homonym def is obscure (inferior)
BASEBALL,P,95,a ball game played between two teams of nine,0.77,the hard ball used in the game of baseball.,0.23,1.00,0.71,,
BASIL,P,92,"the leaves of the basil plant used as a culinary herb,",0.87,an aromatic annual plant,0.13,1.00,0.86,,
BASKET,P,93,"a container used to hold or carry things, ",0.59,a net fixed on a hoop used as the goal.,0.22,0.81,0.63,,
BASKETBALL,P,189,a game played between two teams of five players,0.75,the inflated ball used in the game of basketball.,0.25,1.00,0.67,,
BASS,H,93,member of a family of instruments that is the lowest in pitch.,0.77,fish,0.23,1.00,0.69,,
BAT,H,95,nocturnal mammal ,0.67,"used for hitting the ball in games such as baseball, ",0.33,1.00,0.51,,
BATTER,H,92,"a semiliquid mixture of flour, egg, and milk",0.71,a player who is batting.,0.24,0.95,0.66,,
BEAM,P,95,a ray or shaft of light.,0.53,"long, sturdy piece of squared timber or metal",0.38,0.92,0.28,,
BEANS,P,189,"an edible seed, typically kidney-shaped, growing in long pods on certain leguminous plants.",0.91,plant that bears beans in pods.,0.09,1.00,0.90,,
BEATLES,P,93,rock 'n' roll singing group from Liverpool,0.45,music of the Beatles,0.44,0.90,0.03,,
BEETHOVEN,P,96,music of Beethoven,0.71,German composer,0.25,0.96,0.64,,
BEETLE,H,190,insect,0.62,band,0.21,0.83,0.66,?,Other WS definitions obscure. Volkswagen definition is not listed; Beatles band is not spelled this way
BEING,P,92,"a real or imaginary living creature,",0.54,existence,0.46,1.00,0.14,,
BID,P,94,"an offer of a price, especially at an auction.",0.83,an attempt to obtain or do something,0.17,1.00,0.80,,
BILL,H,188,a banknote; a piece of paper money.,0.33,a boy's name,0.24,0.56,0.28,,
BITTERNESS,P,93,sharpness of taste; lack of sweetness.,0.63,anger and disappointment at being treated unfairly; resentment.,0.37,1.00,0.40,,
BLADE,P,189,"the flat cutting edge of a knife, saw, or other tool or weapon.",0.91,"a long, narrow leaf of grass ",0.07,0.98,0.92,,
BLOCK,P,96,any of a set of solid cubes used as a child's toy.,0.36,put an obstacle in the way of,0.34,0.70,0.04,,
BLUFF,H,186,an attempt to deceive someone,0.76,"a steep cliff, bank,",0.24,1.00,0.68,,
BOARD,P,96,"a surface on which to cut things, play games, or perform other activities.",0.59,"the piece of equipment on which a person stands in surfing, skateboarding, snowboarding",0.26,0.84,0.56,,
BOIL,H,93,the temperature at which a liquid bubbles and turns to vapor.,0.96,"an inflamed pus-filled swelling on the skin, typically caused by the infection of a hair follicle.",0.04,1.00,0.96,,
BOLT,H,93,flash of lightning,0.37,Disney dog,0.28,0.64,0.24,P?,2nd WS Homonym def is obscure (sift) and dog/Usain definitions are not in dictionary
BOND,P,96,joined,0.59,James,0.34,0.93,0.42,H,James Bond not in WS dictionary
BONE,P,93,"hard, whitish tissue making up the skeleton (IN A LIVING BODY)",0.69,OUT OF A LIVING BODY,0.31,1.00,0.56,,
BOOK,P,93,the story the book conveys,0.57,printed work consisting of pages glued or sewn together along one side and bound in covers.,0.43,1.00,0.23,,
BORDER,P,96,"a line separating two political or geographical areas,",0.78,"the edge or boundary of something, ",0.22,1.00,0.72,,
BORE,H,93,make (someone) feel weary and uninterested by tedious talk or dullness.,0.89,make (a hole),0.11,1.00,0.88,,
BOTTLE,P,96,"a container, typically made of glass or plastic",0.56,the contents of a bottle.,0.44,1.00,0.20,,
BOTTOM,P,95,the lowest point or part.,0.86,the buttocks.,0.14,1.00,0.84,,
BOW,H,96,"a knot tied with two loops and two loose ends, used especially for tying shoelaces and decorative ribbons.",0.35,"a weapon for shooting arrows, t",0.33,0.68,0.05,,
BOWLER,H,89,"a player at tenpin bowling, lawn bowling",0.82,hard felt hat,0.18,1.00,0.78,,
BOXER,H,96,"a person who takes part in boxing, especially as a sport.",0.79,medium-sized dog ,0.13,0.91,0.84,P,2nd WS Homonym def is obscure (Chinese secret society); dog def listed as polyseme
BRASS,P,186,yellow alloy of copper and zinc.,0.55,"brass wind instruments (including trumpet, horn, trombone) ",0.45,1.00,0.19,,
BREAK,P,96,a pause in work or during an activity or event.,0.51,an instance of breaking; the point where something is broken.,0.49,1.00,0.04,,
BRIDGE,H,92,structure that extends,0.99,card game,0.01,1.00,0.99,,
BRIEFCASE,P,96,"flat, rectangular container, typically made of leather, for carrying books and papers.",0.73,contents of the briefcase,0.27,1.00,0.64,,
BUCKET,P,93,contents of the bucket,0.56,cylindrical open container,0.44,1.00,0.22,,
BUD,H,93,"growth on a plant that develops into a leaf, flower, or shoot.",0.59,beer,0.26,0.86,0.56,,
BUG,P,93,a small insect.,0.88,annoy or bother (someone).,0.12,1.00,0.86,,
BULB,P,94,a light bulb.,0.82,of a plant/flower,0.18,1.00,0.78,,
BUREAU,P,94,office or department for transacting particular business.,0.98,a chest of drawers.,0.02,1.00,0.98,,
BUSINESS,P,96,"a person's regular occupation, profession, or trade.",0.90,the practice of making one's living by engaging in commerce.,0.10,1.00,0.89,,
BUTT,H,95,rear end,0.97,cigarette,0.03,1.00,0.97,,
CABBAGE,P,96,"leaves of a head of cabbage, eaten as a vegetable.",0.66,cultivated plant,0.34,1.00,0.48,,
CABINET,P,93,a cupboard with drawers or shelves ,0.77,"body of advisers to the president, ",0.23,1.00,0.69,,
CAGE,P,96,space inside the cage,0.76,a structure of bars or wires,0.15,0.91,0.80,,
CALF,H,96,a young cow,0.60,back of a person's leg below the knee.,0.40,1.00,0.33,,
CALL,P,96,speaking to someone on the phone,0.87,a cry made as a summons or to attract someone's attention.,0.13,1.00,0.85,,
CANE,P,95,"walking stick,",0.41,candy cane,0.41,0.82,0.01,,
CANVAS,P,89,cloth for an oil painting.,0.91,coarse unbleached cloth,0.09,1.00,0.90,,
CAP,H,95,"soft, flat hat ",0.71,"protective lid or cover for an object such as a bottle,",0.24,0.95,0.66,,
CAPE,H,92,"sleeveless cloak, ",0.72,a headland or promontory.,0.19,0.91,0.74,,
CARD,H,96,a playing card.,0.69,greeting card,0.21,0.90,0.69,P,2nd WS Homonym def is obscure (wool)
CARDINAL,P,96,songbird ,0.70,dignitary of the Roman Catholic Church.,0.21,0.91,0.69,,
CARROTS,P,96,eaten as a vegetable.,0.85,plant,0.15,1.00,0.82,,
CARTON,P,93,contents of a carton,0.55,a light box or container,0.45,1.00,0.20,,
CASE,H,188,a container designed to hold or protect something,0.47,"a legal action, especially one to be decided in a court of law.",0.31,0.78,0.35,,
CASSEROLE,P,93,a kind of stew or side dish that is cooked slowly in an oven.,0.83,"a large covered dish, typically of earthenware or glass, used for cooking casseroles.",0.18,1.00,0.79,,
CAST,P,95,"the actors taking part in a play, movie, or other production.",0.64,"bandage stiffened with plaster of Paris, molded to the shape of a limb that is broken,",0.36,1.00,0.43,,
CAULDRON,P,94,a large metal pot with a lid and handle,0.74,contents of a cauldron,0.26,1.00,0.65,,
CEDAR,P,91,tree,0.70,timber or wood from cedar tree,0.30,1.00,0.58,,
CELL,P,93,biology,0.34,phone,0.33,0.67,0.02,,
CHAIN,P,93,connected flexible series of metal links,0.76,"successive reaction (e.g., chemistry, email)",0.24,1.00,0.69,,
CHALLENGE,p,96,a task or situation that tests someone's abilities.,0.71,"a call to take part in a contest or competition, especially a duel.",0.29,1.00,0.58,,
CHANGE,P,93,the act or instance of making or becoming different.,0.76,coins,0.24,1.00,0.69,,
CHARACTER,P,94,"a person in a novel, play, or movie.",0.74,the mental and moral qualities distinctive to an individual.,0.26,1.00,0.66,,
CHARITY,P,189,"the voluntary giving of help, typically in the form of money, to those in need.",0.85,an organization set up to provide help and raise money for those in need.,0.15,1.00,0.83,,
CHARM,P,95,"appeal, charisma",0.40,a small ornament worn on a necklace or bracelet.,0.31,0.71,0.23,,
CHECK,P,96,a written order to a bank to pay a stated sum from the drawer's account.,0.73,"examine (something) in order to determine its accuracy, quality, or condition, or",0.27,1.00,0.63,,
CHERRY,P,93,"a small, round stone fruit that is typically bright or dark red.",0.78,the tree that bears the cherry.,0.22,1.00,0.71,,
CHEST,P,189,the front surface of a person's or animal's body,0.75,"a large strong box,",0.25,1.00,0.67,,
CHESTNUT,P,94,a glossy brown nut that may be roasted and eaten.,0.94,deep reddish-brown color.,0.06,1.00,0.93,,
CHEVY,*,92,car,0.90,car manufacturer/company,0.10,1.00,0.88,P,Car brand name is not listed in WS dictionary
CHICKEN,P,94,meat from a chicken.,0.78,a domestic fowl,0.22,1.00,0.72,,
CHIMNEY,P,96,the space inside a chimney,0.81,a vertical channel or pipe that conducts smoke ,0.19,1.00,0.76,,
CHINA,H,92,the country,0.91,household tableware,0.09,1.00,0.90,,
CHINESE,P,189,language,0.68,food,0.32,1.00,0.52,,
CHIP,H,93,"a thin slice of food made crisp by being fried, baked, or dried and typically eaten as a snack.",0.78,short for microchip.,0.22,1.00,0.71,P,2nd WS Homonym def is obscure (chirp)
CHOCOLATE,P,95,"a food preparation in the form of a paste or solid block made from roasted and ground cacao seeds, typically sweetened.",0.92,a deep brown color.,0.08,1.00,0.91,,
CHOP,H,96,cut (something) into small pieces ,0.76,"a downward cutting blow or movement, typically with the hand.",0.14,0.90,0.81,,
CHURCH,P,95,"a particular Christian organization,",0.71,a building used for public Christian worship.,0.29,1.00,0.59,,
CINEMA,P,96,a movie theater.,0.81,the production of movies,0.19,1.00,0.77,,
CIRCLE,P,96,a round plane figure,0.88,"a group of people with shared professions, interests, or acquaintances.",0.13,1.00,0.86,,
CIRCUIT,P,95,path around which a circulating electric current can flow.,0.86,a series of athletic exercises,0.14,1.00,0.84,,
CLASH,P,96,a violent confrontation.,0.73,a loud jarring sound,0.27,1.00,0.63,,
CLASP,P,91,grasp (something) tightly with one's hand.,0.55,a device with interlocking parts used for fastening things together.,0.45,1.00,0.18,,
CLINK,P,93,"a sharp ringing sound,",0.98,slang jail,0.03,1.00,0.97,,
CLOG,P,95,block or become blocked ,0.62,a shoe with a thick wooden sole.,0.38,1.00,0.40,,
CLOSE,P,96,move or cause to move so as to cover an opening.,0.57,nearby,0.43,1.00,0.25,,
CLUB,P,96,an association or organization,0.55,nightclub,0.38,0.92,0.31,,
COACH,P,191,an athletic instructor or trainer.,0.76,purse,0.24,1.00,0.68,,
COAT,P,96,an outer garment worn outdoors,0.91,a covering of paint ,0.09,1.00,0.90,,
COFFEE,P,96,a drink ,0.96,pale brown color ,0.04,1.00,0.96,,
COLD,P,96,low or relatively low temperature,0.80,a common viral infection ,0.20,1.00,0.75,,
COLON,H,189,part of the large intestine,0.74,punctuation mark ,0.26,1.00,0.64,,
COLUMN,P,96,vertical division of a page or text.,0.54,"upright pillar, ",0.46,1.00,0.16,,
COMMERCIAL,P,93,a television or radio advertisement.,0.83,making or intended to make a profit.,0.17,1.00,0.80,,
COMPANY,P,95,a commercial business.,0.83,companionship,0.17,1.00,0.79,,
CONDITION,P,95,"the state of something, ",0.78,apply something to (the skin or hair) to give it a healthy or attractive look or feel.,0.22,1.00,0.72,,
COPPER,P,96,reddish metallic element,0.82,reddish-brown color,0.18,1.00,0.79,,
CORAL,P,186,skeleton of certain of sea animals,0.74,deep-pink to yellowish-pink color,0.26,1.00,0.64,,
CORE,P,96,"series of muscles, extending far beyond your abs",0.39,"central part of certain fleshy fruits, such as the apple or pear",0.36,0.75,0.09,,
CORN,H,95,edible vegetable,0.58,"plant that yields large grains, or kernels, set in rows on a cob.",0.42,1.00,0.29,P,Homonym (foot) meaning not supplied in norming--only polyseme
CORRESPONDENT,P,92,person who communicates by letter or by letters,0.63,"person employed by a newspaper, etc., to report ",0.37,1.00,0.41,,
COTTON,P,96,soft white downy fiber of cotton plant,0.66,fabric,0.34,1.00,0.49,,
COUNT,H,96,to add up or check,0.70,a nobleman,0.30,1.00,0.57,,
COUNTER,H,93,horizontal surface,0.70,to say or do (something) in retaliation or response,0.30,1.00,0.56,,
COUNTRY,P,96,"nation, territory distinguished by its people, culture, language, geography, etc.",0.77,short for country music,0.20,0.98,0.74,,
COURT,P,96,"tribunal presided over by a judge, judges, ",0.73,"a quadrangular area, either open or covered, marked out for ball games such as tennis or basketball.",0.27,1.00,0.63,,
COVER,P,94," anything that covers, spreads over, protects, or conceals",0.80,blanket/bedspread,0.20,1.00,0.75,,
CRAFT,P,96,an activity involving skill in making things by hand.,0.99,a boat or ship.,0.01,1.00,0.99,,
CRANE,P,92,"tall, long-legged, long-necked bird,",0.59,"a large, tall machine used for moving heavy objects",0.41,1.00,0.31,,
CRICKET,H,96,an insect related to the grasshoppers. ,0.73,"game played on a large grass field with ball, bats,",0.27,1.00,0.64,,
CROCODILE,P,190,predatory semiaquatic reptile ,0.90,leather made from the skin of crocodile,0.10,1.00,0.89,,
CRUST,P,95,"baked shell of a pie, tart, etc.",0.88,"outer shell of the earth, ",0.12,1.00,0.87,,
CUE,H,95,a signal or reminder to do something,0.77,"billiards, snooker a long tapered shaft with a leather tip, used to drive the balls",0.23,1.00,0.70,,
CULT,P,184,specific system of religious worship,0.91,something regarded as fashionable,0.09,1.00,0.90,,
CUP,P,95,contents of a cup container,0.64,small open container,0.36,1.00,0.45,,
CURSE,P,95,"an appeal to a supernatural power for harm to come to a specific person, group, etc.",0.62,"swear, obscene expression ",0.38,1.00,0.38,,
CYCLE,P,96,"short for bicycle, tricycle, motorcycle",0.55,events repeating themselves in a regular sequence,0.45,1.00,0.18,,
DANISH,P,93,pastry,0.63,"characteristic of Denmark, its people, or their language",0.37,1.00,0.42,,
DATE,H,96,"an appointment for a particular time, esp. with a person to whom one is sexually or romantically attached",0.51,specified day of the month,0.36,0.87,0.31,,
DEAL,H,94,"bargain, transaction, or agreement",0.74,process of distributing the cards,0.26,1.00,0.64,P,2nd WS Homonym def is obscure (planks)
DECK,P,96,nautical any of various platforms built into a vessel,0.68,pack of playing cards,0.22,0.90,0.67,,
DEED,P,93,something that is done or performed; act,0.56,legal document ,0.44,1.00,0.21,,
DEGREE,P,96,academic award conferred by a university or college,0.63,stage in a scale of relative amount or intensity,0.37,1.00,0.42,,
DESIGN,P,96,art of planning and making detailed drawings of something,0.67,finished artistic or decorative creation,0.33,1.00,0.50,,
DEVELOPMENT,P,95,"act or process of growing, progressing, or developing",0.80,"a fact, event, or happening, esp. one that changes a situation",0.17,0.97,0.79,,
DIAMOND,P,93,gemstone,0.92,geometry: figure having four sides of equal length forming two acute angles and two obtuse angles; rhombus,0.08,1.00,0.91,,
DIET,H,92,"a specific allowance or selection of food, esp. prescribed to control weight ",0.63,the food and drink that a person or animal regularly consumes,0.38,1.00,0.40,P,2nd WS Homonym def is obscure (legislative body)
DIFFERENCE,P,187,a significant change in a situation,0.69,result of the subtraction ,0.31,1.00,0.54,,
DIGEST,P,93,to subject (food) to a process of digestion,0.84,"a magazine, periodical, etc., ",0.16,1.00,0.82,,
DIP,P,96,thick creamy sauce,0.69,a brief swim in water,0.31,1.00,0.54,,
DIRT,P,93,"any unclean substance, such as mud, dust,",0.96,gossip; scandalous information,0.04,1.00,0.96,,
DISCHARGE,P,93,dismissal or release,0.42,pouring forth of a fluid; emission,0.32,0.75,0.25,,
DISH,P,96,container used for holding or serving,0.83,the food that is served or contained in a dish,0.17,1.00,0.80,,
DIVISION,P,96,"a mathematical operation,",0.42,the act of dividing or state of being divided,0.29,0.71,0.30,,
DOLL,P,189,"model or dummy of a human being, used as a toy",0.81,a pretty girl or woman ,0.19,1.00,0.77,,
DOOR,P,96,a hinged or sliding panel for closing the entrance,0.57,a doorway or entrance to a room or building,0.43,1.00,0.26,,
DOUGH,P,93,thick mixture of flour or meal and water or milk,0.88,a slang word for money,0.12,1.00,0.86,,
DRAFT,P,93,a preliminary version of a piece of writing.,0.51,selection for compulsory military service (or team),0.23,0.75,0.55,,
DRAG,P,94,"pull (someone or something) along forcefully, roughly, or with difficulty.",0.50,women's clothes worn by a man,0.32,0.82,0.35,,
DRAPE,P,93,long curtains,0.65,arrange (cloth or clothing) ,0.35,1.00,0.46,,
DRILL,H,189,"a hand tool,",0.60,"routine exercise or activity, in which people practice what they should do in dangerous situation",0.40,1.00,0.33,P,"Other WS Homonym defs obscure (furrow, fabric)"
DRINK,P,94, liquid suitable for drinking; any beverage,0.71,alcoholic drink ,0.29,1.00,0.59,,
DROP,P,95,fall vertically,0.58,small quantity of liquid that forms or falls ,0.28,0.86,0.52,,
DRUMSTICK,P,96,stick used for playing a drum,0.44,lower joint of the leg of a cooked fowl,0.34,0.78,0.23,,
EARTH,P,93,third planet from the sun,0.79,land; ground,0.21,1.00,0.73,,
EGGS,H,96,egg of the domestic hen used as food,0.79,"the oval  reproductive body laid by the females of birds and some other animals, with outer shell or membrane",0.21,1.00,0.73,P,Homonym meaning (encourage) not supplied in norming--only polyseme
ELBOW,P,95,joint between the upper arm and the forearm,1.00,part of a garment that covers the elbow,0.00,1.00,1.00,,
ELVIS,*,93,singer,0.72,rock n roll music,0.28,1.00,0.60,P,Not listed in WS dictionary
EMERALD,P,96,a gem,0.70,green color ,0.30,1.00,0.57,,
ENGINEER,P,96,person trained in any branch of the profession of engineering,1.00,driver of a railway locomotive,0.00,1.00,1.00,,
EXHAUST,P,95,gases ejected from an engine ,0.59,drain the energy of; tire out,0.41,1.00,0.31,,
FAIR,H,93,"travelling entertainment with sideshows, rides, etc., ",0.55,just; impartial,0.45,1.00,0.18,,
FALL,P,92,autumn,0.84,descend by the force of gravity from a higher to a lower place,0.16,1.00,0.81,,
FAN,H,93,device for creating a current of air,0.75,an ardent admirer,0.25,1.00,0.67,,
FAT,P,92,"corpulence, obesity, or plumpness",0.74,vegetable or animal tissue containing fat,0.26,1.00,0.64,,
FAULT,P,93, responsibility for a mistake or misdeed,0.55,fracture in the earth's crust ,0.45,1.00,0.19,,
FEELING,P,95,emotional or moral sensitivity,0.88,the sense of touch,0.12,1.00,0.86,,
FELLOW,P,95,"associate, friend",0.78,a man or boy,0.22,1.00,0.72,,
FENCING,P,95,sport of fighting with swords,0.86,"wire, stakes, etc., used as fences",0.14,1.00,0.84,,"""fence"" was search term"
FIELD,P,96,"a limited or marked off area, usually of mown grass, on which any of various sports, ",0.58,open tract of uncultivated grassland,0.30,0.88,0.47,,
FILE,H,190,"a folder, box, etc., used to keep documents",0.72,computerized collection of information,0.20,0.92,0.71,,
FILLING,P,95,"substance or thing used to fill a space or container, e.g., pastry",0.67,substance filling a cavity of a tooth,0.33,1.00,0.50,,
FILM,P,192,movie,0.98,"thin flexible strip of cellulose coated with a photographic emulsion, used to make negatives and transparencies",0.02,1.00,0.98,,
FINE,P,95,okay,0.42,money exacted as a penalty,0.20,0.62,0.51,,
FINGERS,P,192,any of the digits of the hand,0.94,something that resembles a finger in shape,0.06,1.00,0.94,,
FISH,P,96,cold-blooded aquatic vertebrates ,0.79,flesh of fish used as food,0.21,1.00,0.74,,
FIT,H,93,in good health/shape,0.96,sudden spell of emotion,0.04,1.00,0.96,,
FLING,P,92,"period or occasion of unrestrained, impulsive, or extravagant behavior",0.56,"to throw, esp. with force or abandon",0.44,1.00,0.20,,
FLOOR,P,96,lower surface of a room,0.80,a story of a building,0.20,1.00,0.76,,
FLY,H,96,to move through the air ,0.56,"insect, esp. the housefly",0.44,1.00,0.22,,
FOOT,P,96,part of the leg below the ankle joint ,0.88,unit of length,0.12,1.00,0.86,,
FOOTBALL,P,96,game played with a round or oval ball,0.94,the ball used in any of these games ,0.06,1.00,0.94,,
FORD,*,95,car,0.82,automobile brand/manufacturer/corporation,0.17,0.99,0.80,P,Company name is not listed in WS dictionary
FORK,P,93,metal implement used for lifting food to the mouth ,0.94,division of a road/river into two or more branches,0.06,1.00,0.94,,
FORTUNE,P,95,a person's destiny,0.66,great amount of wealth,0.34,1.00,0.48,,
FORWARD,P,92,directed or moving ahead,0.96,send forward or pass on to an ultimate destination ,0.04,1.00,0.96,,
FRENCH,P,96,"relating to, denoting, or characteristic of France, the French",0.90,language,0.10,1.00,0.88,,
FUNCTION,P,92,math relation between two sets,0.54,work properly,0.41,0.95,0.24,,
FUR,P,94,dense coat of fine silky hairs on such mammals,0.71,"garment made of fur, such as a coat or stole",0.29,1.00,0.59,,
GAG,H,95,retch or cause to retch,0.77,a joke or humorous story,0.23,1.00,0.69,,
GAME,P,93,"contest with rules, the result being determined by skill, strength, or chance",0.56,equipment needed for playing certain games,0.44,1.00,0.22,,
GAS,P,95,gasoline,0.87,flatulence,0.08,0.95,0.91,,
GATE,P,96,a movable barrier in a fence or wall,0.64,an opening to allow passage into or out of an enclosed place,0.36,1.00,0.44,,
GEAR,P,92,a toothed wheel that engages with another toothed wheel or with a rack in order to change the speed or direction of transmitted motion,0.51,"equipment and supplies for a particular operation, sport,",0.49,1.00,0.02,,
GERMAN,H,93,people/culture,0.67,language,0.33,1.00,0.50,P,2nd WS Homonym def is obscure (having same parents)
GLARE,H,93,stare angrily,0.67,dazzling light or brilliance,0.33,1.00,0.50,,
GLASSES,H,189,a pair of lenses for correcting faulty vision,0.94,drinking glasses,0.06,1.00,0.94,,plural of glass vs. eyeglasses
GOAL,P,96,aim or object towards which an endeavor is directed,0.55,"net, basket, etc., into or over which players try to propel the ball, puck, etc., to score",0.45,1.00,0.17,,
GOLD,P,93,dense inert bright yellow element/metal,0.91,deep yellow color,0.09,1.00,0.90,,
GRACE,P,93,"elegance and beauty of movement, form, expression, or proportion",0.59,short prayer,0.33,0.92,0.45,,
GRAIN,P,94,"small hard seed like fruit of a grass, esp. a cereal plant",0.90,"small hard particle, e.g., sand",0.10,1.00,0.88,,
GRAVE,H,96,place for the burial of a corpse,0.86,serious and solemn ,0.14,1.00,0.84,,
GROWTH,P,93,process or act of growing,0.62,something grown or growing,0.38,1.00,0.39,,
GUIDE,P,94,"a person, animal, or thing that guides",0.74, a book (map) that instructs or explains,0.26,1.00,0.64,,
HAIL,H,94,small pellets of ice falling from cumulonimbus clouds,0.67,greet/respect/honor,0.31,0.98,0.54,,
HAIR,P,94,collective hairs,0.94,single hair,0.06,1.00,0.94,,
HALL,P,93,large building or room,0.66,corridor,0.18,0.84,0.73,,
HAND,P,94,"part of the body at the end of the arm, consisting of a thumb, four fingers, and a palm",1.00,cards dealt to one or all players,0.00,1.00,1.00,,
HANG,P,93," to fasten or be fastened from above, esp. by a cord, chain, etc.; suspend",0.59,suspend or be suspended by the neck until dead,0.27,0.86,0.55,,
HARD,P,95,firm or rigid,0.77,difficult,0.23,1.00,0.71,,
HAWAII,P,191,island,0.89,US state,0.11,1.00,0.88,,
HAZE,H,90,reduced visibility in the air,0.44,subject (fellow students) to ridicule or abuse,0.33,0.77,0.24,,
HEART,P,191,muscular organ in vertebrates whose contractions propel the blood through the circulatory system,0.63,"representation of the heart, having two rounded lobes at the top meeting in a point at the bottom",0.25,0.88,0.60,,
HEMINGWAY,P,93,novelist/author,0.64,"Hemingway's writing: books, novels, literature",0.36,1.00,0.44,,
HIP-HOP,P,94,music,0.64,dance,0.36,1.00,0.43,,
HIROSHIMA,P,187,site of first atomic bomb to be used in warfare,0.63,city in Japan,0.37,1.00,0.42,,
HOLLYWOOD,P,94,the American film industry,0.68,suburb of Los Angeles,0.32,1.00,0.53,,
HONDA,*,93,car,0.83,automobile brand/manufacturer/corporation,0.17,1.00,0.79,P,Car brand name is not listed in WS dictionary
HONEY,P,96,"sweet, sticky, yellowish substance that is made by bees",0.95,You call someone honey as a sign of affection,0.05,1.00,0.94,,
HOOD,P,96,loose head covering,0.54,short for neighborhood,0.32,0.86,0.41,,
HORN,P,94,musical instrument,0.38,device on an automobile for making a warning noise,0.32,0.70,0.15,,
HORSESHOES,P,93,U-shaped plate nailed to underside of horse's hoof,0.70,outdoor game,0.20,0.90,0.71,,
HOSPITAL,P,94,medical institution,0.50,"health facility, building",0.50,1.00,0.01,,
HUSKY,H,95,Eskimo dog,0.78,muscular and heavily built,0.14,0.92,0.82,,
IMPRESSION,P,93,"feeling, belief, notion, opinion",0.74,imitation,0.14,0.88,0.82,,
INTEREST,P,95,a sense of concern with and curiosity about someone or something,0.86,a fixed charge for borrowing money,0.14,1.00,0.83,,
INTRODUCTION,P,93,"a preliminary part, as of a book, speech",0.46,presentation of one person to another or others,0.40,0.87,0.12,,
IRAQ,P,93,Gulf War,0.67,Persian gulf country,0.33,1.00,0.51,,
IRON,P,189,metallic element,0.68,home appliance used to smooth cloth,0.32,1.00,0.52,,
ISSUE,P,191,important question that is in dispute and must be settled,0.69,one of a series published periodically,0.31,1.00,0.54,,
IVORY,P,92,elephant tusk,0.73,off-white color,0.27,1.00,0.64,,
JADE,H,93,semiprecious gemstone,0.61,green color,0.39,1.00,0.35,P,2nd Homonym def is infrequent (worn out through over-exposure)
JAM,H,93,preserve of crushed fruit,0.77,improvise musically,0.23,1.00,0.71,,
JAPANESE,P,95,people/culture,0.48,food,0.35,0.83,0.27,,
JERK,H,93,stupid fatuous person,0.79,meat (especially beef) cut in strips,0.17,0.96,0.79,,
JINGLE,P,95,a metallic sound,0.69,"catchy and rhythmic verse, song, etc., esp. one used in advertising",0.31,1.00,0.55,,
JOINT,P,94,the point of connection between two bones,0.70,marijuana cigarette,0.22,0.92,0.68,,
JOKER,P,94,character in Batman,0.55,playing card,0.31,0.87,0.44,,
JUG,P,95,what's contained in a jug,0.69,a large bottle with a narrow mouth,0.29,0.98,0.59,,
JUNIOR,P,96,a third-year undergraduate/high schooler,0.67,the younger of two persons,0.33,1.00,0.50,,
KEG,P,89,quantity contained in a keg,0.61,small cask or barrel,0.39,1.00,0.35,,
KITTY,H,92,domestic cat,1.00,combined stakes of the betters,0.00,1.00,1.00,,
KNEES,P,96,hinge joint in the human leg,0.99,part of a trouser leg,0.01,1.00,0.99,,
KOREAN,P,95,person/culture,0.73,food,0.20,0.93,0.73,,
LABOR,P,189,physical work done for wages,0.81,concluding state of pregnancy,0.19,1.00,0.77,,
LACE,P,91,delicate decorative fabric woven in an open web of symmetrical patterns,0.66,a cord that is drawn through eyelets or around hooks in order to draw together two edges (as of a shoe or garment,0.34,1.00,0.50,,
LAMB,P,94,young sheep,0.75,flesh of a young domestic sheep eaten as food,0.25,1.00,0.67,,
LAP,H,95,upper side of the thighs of a seated person,0.69,movement once around a course,0.31,1.00,0.56,,
LAVENDER,P,96,aromatic shrubs,0.63,pale purple color,0.37,1.00,0.40,,
LEAD,H,95,an advantage held by a competitor in a race,0.41,the marking substance in a pencil,0.32,0.73,0.22,,
LEAN,H,187,lacking excess flesh,0.63,incline or bend from a vertical position,0.37,1.00,0.42,,
LEGS,P,96,human limb,0.97,supports for a piece of furniture,0.03,1.00,0.97,,
LEMON,P,191,yellow oval fruit,0.99,defective auto,0.01,1.00,0.99,,
LETTER,P,96,written message addressed to a person,0.78,characters of the alphabet,0.22,1.00,0.71,,
LIBRARY,P,93,collection of literary documents or records kept for reference or borrowing,0.59,building that houses a collection of books,0.41,1.00,0.31,,
LIMB,H,190,appendages of an animal used for locomotion or grasping: arm; leg; wing; flipper,0.93,branches arising from a tree,0.07,1.00,0.92,P,2nd WS Homonym def is obscure (edge/border)
LIMP,H,95,uneven manner of walking,0.72,without energy or will,0.28,1.00,0.61,,
LINCOLN,H,95,president,0.90,car,0.05,0.95,0.95,,Car brand name is not listed in WS dictionary
LINE,H,188,mark that is long relative to its width,0.55,formation of people or things one beside another,0.39,0.94,0.28,P,"2nd WS Homonym def (e.g., line the inside of) not in top 2 norming responses"
LIVER,H,94,bodily organ,0.86,liver of an animal used as meat,0.14,1.00,0.84,P,Other homonym defs infrequent (one who lives; comparative of live)
LOBSTER,P,93,edible flesh of a lobster,0.51,marine crustaceans,0.49,1.00,0.04,,
LOCK,H,96,fastener fitted to a door or drawer to keep it firmly closed,0.98,strand or cluster of hair,0.02,1.00,0.98,,
LOG,H,95,segment of the trunk of a tree,0.73,record,0.18,0.91,0.76,,
LORD,P,96,god,0.51,nobleman,0.49,1.00,0.05,,
MADONNA,P,189,pop star,0.99,Virgin Mary,0.01,1.00,0.99,,
MAGAZINE,P,93,a periodic publication,0.92,business firm that publishes magazines,0.08,1.00,0.92,,
MAIL,H,96,letters and packages that are transported by the postal service,0.99,flexible armor,0.01,1.00,0.99,,
MAJOR,P,94,principal field of study of a student at a university,0.70,"important, serious, significant",0.21,0.91,0.71,,
MAN,P,93,adult male,0.85,human being,0.15,1.00,0.82,,
MAPLE,P,93,trees or shrubs,0.65,flavor,0.29,0.95,0.55,,
MARBLE,P,93,metamorphic rock that takes a high polish,0.58,small ball of glass,0.42,1.00,0.28,,
MARCH,H,96,month,0.67,the act of marching,0.32,0.98,0.52,,
MASS,H,93,have weight in a gravitational field,0.77,Church celebration of the Eucharist,0.23,1.00,0.69,,
MATCH,H,96,lighter consisting of a thin piece of wood,0.47,person/thing that's equal,0.41,0.88,0.13,,
MATERIAL,P,189,stuff,0.75,"cloth, fabric",0.25,1.00,0.67,,
MEDITERRANEAN,P,95,sea (region),0.67,food,0.33,1.00,0.50,,
MENU,P,93,list of dishes available at a restaurant,0.97,list of options available to a computer user,0.03,1.00,0.96,,
MEXICAN,P,93,native or inhabitant of Mexico,0.55,food,0.45,1.00,0.18,,
MIGHT,H,188,possibility,0.51,power/physical strength,0.49,1.00,0.03,,
MILK,P,189,nutritious liquid secreted by mammals,0.81,take milk from female mammals,0.19,1.00,0.76,,
MINE,H,93,excavation in the earth,0.53,showing possession,0.47,1.00,0.11,,
MINT,H,192,leaves of a mint plant used fresh or candied,0.96,plant where money is coined by authority of the government,0.04,1.00,0.96,,
MISS,H,96,(fail to perceive or to catch with the senses or the mind,0.55,a young female,0.45,1.00,0.18,,
MISSISSIPPI,P,95,state,0.51,river,0.49,1.00,0.03,,
MODEL,P,93,fashion model,0.74,"type of product, e.g., car model",0.18,0.92,0.76,,
MOLD,H,94,a fungus,0.83,"shape, influence",0.17,1.00,0.79,,
MOLE,H,96,burrowing mammal,0.51,pigmented spot on the skin,0.45,0.97,0.12,,
MONITOR,P,190,computer screen,0.65,keep tabs on,0.35,1.00,0.45,,
MOUTH,P,96,"oral cavity, opening",0.78,the externally visible part of the oral cavity on the face and the system of organs surrounding the opening,0.22,1.00,0.71,,
MOZART,P,94,music,0.65,composer,0.35,1.00,0.47,,
MUSIC,P,93,sounds produced by singers or musical instruments,0.61,artistic form of auditory communication,0.39,1.00,0.37,,
MUSTANG,U,94,car,0.65,horse,0.35,1.00,0.46,?,Car name not listed in WS dictionary
NAIL,P,96,finger/toe,0.70,thin pointed piece of metal that is hammered,0.30,1.00,0.58,,
NAVY,P,95,organization of military,0.76,dark shade of blue,0.24,1.00,0.68,,
NECK,P,96,connects the head to the rest of the body,0.96,opening in a garment for the neck of the wearer,0.04,0.99,0.96,,
NEWSPAPER,P,191,daily or weekly publication,0.95,a business firm that publishes newspapers,0.05,1.00,0.95,,
NIRVANA,P,93,Seattle band,0.54,"enlightenment, bliss",0.46,1.00,0.16,?,Band name is not listed in WS dictionary
NOODLE,H,96,strip of pasta,0.93,pool floatie,0.07,1.00,0.93,,
NOSE,P,96,prominent part of the face of man or other mammals,0.76,the sense of smell,0.24,1.00,0.68,,
NOTE,P,96,brief written record,0.96,musical notation,0.04,1.00,0.96,,
NOVEL,H,93,extended fictional work,0.84,pleasantly new or different,0.16,1.00,0.82,,
NUT,P,94,hard-shelled seed,0.92,freak/crazy person,0.08,1.00,0.92,,
OAK,P,92,deciduous tree,0.65,hard durable wood,0.35,1.00,0.47,,
ODD,P,92,peculiar,0.66,not divisible by two,0.34,1.00,0.48,,
OIL,P,96,"petroleum, dark oil consisting mainly of hydrocarbons",0.62,liquid (edible) fats that are obtained from plants,0.38,1.00,0.38,,
OLIVE,P,96,small ovoid fruit,0.94,yellow-green color,0.06,1.00,0.93,,
OPENING,P,95,the act of opening something,0.56,ceremony accompanying the start of some enterprise,0.44,1.00,0.21,,
OPERATION,P,94,"surgery, medical procedure",0.59,military (or business) operation,0.27,0.86,0.54,,
ORANGE,P,95,fruit,0.68,color,0.32,1.00,0.53,,
ORDER,P,96,"request for something to be made, supplied, or served",0.52,command given by a superior,0.29,0.80,0.44,,
ORGAN,P,96,biological/functional unit in an animal that is specialized,0.75,musical instrument,0.25,1.00,0.67,,
PALACE,P,96,official residence/stately mansion,0.53,governing group of a kingdom,0.47,1.00,0.12,,
PALM,H,93,surface of the hand,0.54,tree,0.46,1.00,0.15,,
PANEL,P,95,committee appointed to judge a competition,0.72,sheet that forms a distinct section,0.28,1.00,0.61,,
PAPER,P,93,material made of cellulose pulp,0.82,an essay,0.18,1.00,0.78,,
PARK,P,191,area of land preserved in its natural state as public property,0.81,"place temporarily, e.g., parking space",0.19,1.00,0.76,,
PART,P,93,piece,0.85,line of scalp when hair is combed,0.15,1.00,0.82,,
PARTY,P,190,people gathered for pleasure,0.98,political party,0.02,1.00,0.98,,
PASS,P,96,success in satisfying a test or requirement,0.64,a play that involves getting the ball to a teammate,0.21,0.85,0.67,,
PASSAGE,P,191,a way through or along which someone or something may pass,0.51,section of text,0.32,0.83,0.37,,
PAWN,H,92,chess piece,0.71,an article deposited as security,0.29,1.00,0.58,,
PEACH,P,96,fruit,0.85,shade of pink,0.15,1.00,0.82,,
PEARL HARBOR,P,189,naval base that was attacked by the Japanese,0.83,a harbor on Oahu to the west of Honolulu,0.17,1.00,0.80,,
PEEP,H,94,a secret look,0.54,weak cry of a young bird,0.32,0.86,0.41,,
PEER,H,192,"person who is of equal standing, an equal",0.86,look searchingly,0.14,1.00,0.84,,
PEN,H,96,writing implement,1.00,enclosure for confining livestock,0.00,1.00,1.00,,
PENTAGON,P,93,United States military establishment,0.52,five-sided polygon,0.48,1.00,0.08,,
PERCH,H,90,"resting place, especially for a bird",0.96,fish,0.04,1.00,0.96,,
PET,P,96,domesticated animal,0.95,a computerized radiographic technique,0.05,0.99,0.95,H,2nd WS Homonym def is obscure (building material); Norming Def 2 is acronym and not listed in WS dictionary
PICASSO,P,96,work of the artist Picasso,0.68,influential Spanish artist,0.32,1.00,0.52,,
PICKET,P,91,part of a fence,0.76,protest posted by a labor organization,0.24,1.00,0.68,,
PILL,P,95,tablet of medicine,0.90,birth  control,0.10,1.00,0.89,,
PINE,H,93,coniferous tree,0.89,yellowish timber,0.06,0.95,0.93,,
PIPE,H,96,tube made of metal or plastic that is used to carry water or oil or gas,0.74,tobacco pipe,0.26,1.00,0.66,P,2nd WS Homonym def is obscure (unit of capacity)
PIT,H,93,sizeable hole,0.83,"inner ""stone"" of some fruits",0.17,1.00,0.80,,
PITCH,H,92,act of throwing a baseball,0.52,property of sound that varies with variation in the frequency,0.42,0.94,0.18,,
PITCHER,H,92,"baseball, the person who does the pitching",0.50,vessel with a handle and a spout for pouring,0.50,1.00,0.00,,
PLANE,H,96,aircraft,0.95,mathematics: an unbounded two-dimensional shape,0.05,1.00,0.94,,Airplane definition not an entry
PLANT,P,189,botany: a living organism,0.95,buildings for carrying on industrial labor,0.05,1.00,0.95,,
PLASTIC,P,95,synthetic or semisynthetic materials,0.99,credit card,0.01,1.00,0.99,,
PLATE,P,96,dish on which food is served,0.99,baseball base,0.01,1.00,0.99,,
PLAY,P,192,participate in games or sport,0.74,dramatic work,0.19,0.92,0.74,,
PLOT,H,95,story that is told in a novel or play or movie etc.,0.80,a graph or visual representation of data,0.12,0.92,0.85,,
PLUG,P,187,electrical connection,0.65,blockage consisting of an object designed to fill a hole tightly,0.35,1.00,0.46,,
POACH,H,93,hunt illegally,0.51,cook in a simmering liquid,0.49,1.00,0.05,,
POINT,P,91,sharp end,0.57,"indicate a place, direction, person, or thing",0.43,1.00,0.25,,
POKER,H,189,card game,0.99,metal rod with a handle,0.01,1.00,0.99,,
POOL,H,96,excavation filled with water,0.92,billiards,0.08,1.00,0.91,,
PORT,H,92,seaport or airport,0.83,circuitry that links one computer device with another,0.15,0.98,0.82,,
POST,H,96,mail/letters,0.58,display in a public place or for public notice,0.34,0.92,0.41,,
POT,H,96,cooking vessel,0.61,marijuana,0.28,0.89,0.55,,
POTATO,P,93,food,0.89,garden vegetable,0.11,1.00,0.88,,
POUND,H,93,16 ounces,0.54,basic unit of money in Great Britain,0.22,0.76,0.59,,
PRESENT,H,188,period of time that is happening now,0.59,gift,0.40,0.99,0.32,,
PRESS,H,93,print media,0.67,exert pressure or force to or upon,0.33,1.00,0.50,P,2nd WS Homonym def is obscure (military service)
PRINTER,P,95,machine that prints,0.98,someone whose occupation is printing,0.02,1.00,0.98,,
PRISON,P,93,building,0.52,a correctional institution,0.48,1.00,0.07,,
PROGRAM,P,190,a sequence of instructions that a computer can interpret and execute,0.53,"a planned series of future events, items, or performances",0.25,0.79,0.52,,
PUNCH,H,96,deliver a quick blow to,0.63,iced mixed drink,0.38,1.00,0.40,,
PUPIL,H,95,center of the iris of the eye,0.61,student,0.39,1.00,0.37,,
PYRAMID,P,95,Pyramid of Egypt,0.74,geometrical shape,0.26,1.00,0.64,,
QUACK,H,96,sound of a duck,0.81,an untrained person who pretends to be a physician,0.19,1.00,0.77,,
QUEEN,P,93,the wife of a king,0.84,fertile female in a colony of social insects such as bees,0.13,0.97,0.84,,
RABBIT,P,191,burrowing animals,0.98,flesh of rabbits for food,0.02,1.00,0.98,,
RACE,H,96,any competition,0.59,people of the same genetic stock,0.41,1.00,0.30,,
RACKET,H,190,a sports implement,0.70,a loud and disturbing noise,0.30,1.00,0.58,,
RADIO,P,96,broadcasting electromagnetic waves,0.88,electronic receiver,0.12,1.00,0.86,,
RADIOHEAD,*,177,music,0.65,band,0.35,1.00,0.47,,Band name is not listed in WS dictionary
RADISH,P,95,edible root,0.86,cultivated plants,0.14,1.00,0.84,,
RAM,H,95,male sheep,0.60,force/strike,0.18,0.78,0.71,P,2nd WS Homonym def is acronym (computer memory) but was not in top 2 of norming
RANGE,P,94,place for shooting/firing,0.37,mathematical values,0.30,0.66,0.19,,
RARE,H,96,uncommonness,0.86,cooked a short time,0.14,1.00,0.84,,
RASH,H,96,red eruption of the skin,0.92,foolhardy,0.08,1.00,0.92,,
RATE,H,96,estimate the value of),0.41,frequency relative to a time unit,0.38,0.79,0.07,P,2nd WS Homonym def is obscure (scold)
RATTLE,P,91,baby's toy,0.44,sections at the end of a rattlesnake's tail,0.44,0.89,0.00,,
REACTION,P,93,response,0.59,chemical reaction,0.41,1.00,0.31,,
RECORD,P,96,sound recording,0.71,he best (or worst) performance,0.16,0.88,0.77,,
REDWOOD,P,90,huge coniferous California trees,0.92,soft reddish wood,0.08,1.00,0.91,,
REEL,H,92,fishing rod,0.63,a roll of photographic film,0.34,0.97,0.46,,
RESERVATION,P,95,something reserved in advance,0.71,a district that is reserved (Indian reservation),0.27,0.98,0.62,,
REVIEW,P,96,practice intended to polish performance or refresh the memory,0.60,essay or article that gives a critical evaluation,0.40,1.00,0.33,,
RIGHT,P,95,on the right side of the body,0.63,correct,0.34,0.97,0.47,,
RING,H,96,jewelry,0.80,sound of a bell ringing,0.16,0.96,0.79,,
ROCK,H,96,mineral,0.64,popular music,0.32,0.96,0.49,,
ROD,P,93,a long thin implement made of metal or wood,0.96,visual receptor,0.04,1.00,0.96,,
ROLL,P,92,anything rolled up in cylindrical form,0.44,move by turning over or rotating,0.40,0.85,0.08,,
ROOM,P,95,an area within a building enclosed by walls and floor and ceiling,0.90,space for movement,0.10,1.00,0.89,,
ROW,H,95,propel with oars,0.63,"a linear array of numbers, letters, or symbols",0.37,1.00,0.42,,
RUBY,P,189,precious gem,0.57,deep red,0.43,1.00,0.24,,
RULER,P,95,measuring stick,0.77,a person who rules or commands,0.23,1.00,0.70,,
SALMON,P,96,game fishes,0.77,pale pinkish orange color,0.23,1.00,0.70,,
SASH,H,92,band of material,1.00,window,0.00,1.00,1.00,,
SAW,H,96,tool for cutting,0.45,past tense of see,0.34,0.79,0.25,,
SCALE,H,93,weighing machine,0.75,from the surface (of the skin),0.14,0.89,0.82,,
SCENE,P,191,subdivision of a film or play,0.58,place where some action occurs,0.42,1.00,0.27,,
SCHOOL,H,94,building where  people receive education,0.57,an educational institution,0.43,1.00,0.25,P,"2nd WS Homonym def (e.g., school of fish) is infrequent"
SCOOP,P,96,quantity a scoop will hold,0.63,a news report,0.17,0.80,0.73,,
SCOUT,H,93,Boy Scout or Girl Scout,0.69,"explore, often with the goal of finding something or somebody",0.17,0.86,0.75,,
SCREEN,P,96,electronic display,0.70,protective covering,0.18,0.88,0.74,,
SEAL,H,96,marine mammals,0.62,Navy seal,0.20,0.82,0.67,,
SEASON,P,189,time of year,0.91,lend flavor to,0.09,1.00,0.90,,
SECOND,H,96,following first,0.61,1/60 of a minute,0.38,0.99,0.37,,
SENSE,P,96,sensation/senses,0.85,sound practical judgment,0.13,0.98,0.85,,
SENTENCE,P,93,a string of words,0.89,time a prisoner is imprisoned,0.11,1.00,0.87,,
SHAKESPEARE,P,93,writing/poems/plays,0.72,writer,0.28,1.00,0.62,,
SHED,H,96,outbuilding,0.52,get rid of,0.42,0.93,0.20,,
SHEET,H,93,bed linen,0.52,piece of paper,0.48,1.00,0.08,P,2nd WS Homonym def is obscure (sail)
SHEETS,H,94,bed linen,0.63,piece of paper,0.37,1.00,0.42,P,2nd WS Homonym def is obscure (sail)
SHOWER,H,190,plumbing fixture,0.93,rain/precipitation,0.06,0.99,0.93,P,2nd Homonym def is different pronunciation and infrequent (one that shows)
SIGN,P,93,public display of a message,0.45,gesture that is part of a sign language,0.29,0.73,0.35,,
SILK,P,95,fabric made from  fine threads,0.89,animal fibers produced by silkworms,0.11,1.00,0.88,,
SINK,P,93,plumbing fixture,0.71,fall or descend,0.29,1.00,0.60,,
SLATE,P,82,a writing tablet,0.57,thin layers of rock,0.32,0.90,0.44,,
SLIDE,P,95,playground equipment,0.79,skid/move sideways,0.17,0.96,0.79,,
SMOKE,P,93,inhale and exhale smoke from cigarettes,0.53,a cloud of fine particles suspended in a gas,0.47,1.00,0.11,,
SNORT,P,93,inhale through the nose,0.57,a disrespectful laugh,0.35,0.92,0.38,,
SODA,P,96,pop/coke,0.99,sodium carbonate,0.01,1.00,0.99,,
SOLE,H,187,foot/footwear,0.73,alone/only,0.24,0.97,0.66,,
SOLUTION,P,94,solving a problem,0.68,liquid mixture,0.32,1.00,0.53,,
SPACE,P,92,outside the Earth's atmosphere,0.78,an empty area,0.22,1.00,0.71,,
SPADE,H,95,a playing card,0.75,hand shovel,0.25,1.00,0.66,,
SPANISH,P,92,language,0.61,people (culture),0.39,1.00,0.37,,
SPEAKER,P,191,talker,0.55,acoustic transducer,0.45,1.00,0.19,,
SPEECH,P,189,the act of delivering a formal spoken communication to an audience,0.58,language/communication by word of mouth,0.42,1.00,0.29,,
SPELL,H,95,recite the letters of,0.60,enchantment,0.40,1.00,0.32,,
SPIT,H,96,eject saliva,0.98,skewer for holding meat,0.02,1.00,0.98,,
SPOKE,H,96,express in speech,0.90,wheel,0.10,1.00,0.89,,
SPONGE,P,96,"wipe with a sponge, so as to clean",0.68,Sponge Bob,0.27,0.95,0.60,,
SPOT,P,96,"speckle, small contrasting part of something",0.68,blemish made by dirt,0.18,0.85,0.74,,
SPREAD,P,93,tasty mixture to be spread on bread or crackers,0.81,extending over a wide expanse of space,0.19,1.00,0.76,,
SPRING,P,93,season of growth,0.93,metal elastic device,0.07,1.00,0.93,,
SQUARE,P,95,geometry,0.87,an open area at the meeting of two or more streets,0.13,1.00,0.86,,
SQUASH,H,95,squash plant,0.67,compress with violence,0.21,0.89,0.68,,
STABLE,H,93,horse barn,0.56,firm and dependable,0.44,1.00,0.22,,
STAFF,H,96,personnel,0.95,strong rod or stick,0.05,1.00,0.94,P,2nd WS Homonym def is obscure (building material); personnel def is polyseme
STALK,H,187,follow stealthily,0.69,plants,0.31,1.00,0.55,,
STALL,H,95,area set off by walls,0.63,procrastinate,0.33,0.97,0.47,,
STAR,P,189,celestial body,0.82,someone who is dazzlingly skilled,0.15,0.97,0.82,,
STARBUCKS,*,95,coffee,0.73,café/company,0.27,1.00,0.63,P,Not listed in WS dictionary
STARCH,P,93,food,0.90,laundry,0.10,1.00,0.89,,
STATE,P,95,province in the US,0.86,way something is with respect to its main attribute,0.14,1.00,0.84,,
STEER,H,92,maneuver,0.80,bull,0.20,1.00,0.75,,
STEP,P,96,raising the foot and setting it down,0.63,stairway,0.37,1.00,0.42,,
STOCK,P,93,ownership interest in a company,0.46,inventory,0.31,0.77,0.32,,
STORE,P,96,retail shop,0.78,keep or lay aside for future use,0.19,0.98,0.75,,
STORY,H,93,narrative,0.96,vertical level,0.04,1.00,0.96,,
STRAW,P,94,drinking,0.64,plant fiber,0.36,1.00,0.43,,
STRIKE,P,187,attack,0.30,baseball,0.29,0.59,0.05,,
STRINGS,P,95,"cord, thread",0.57,musical instrument,0.43,1.00,0.25,,
STRIP,H,191,undress,0.65,long narrow piece of something,0.35,1.00,0.46,,
STROKE,P,95,rupture or occlusion of a blood vessel,0.75,move hand with gentle pressure,0.13,0.88,0.83,,
SUBJECT,P,94,"branch of knowledge, field of study",0.66,topic of a conversation,0.28,0.95,0.58,,
SUBWAY,P,96,restaurant,0.60,metro/underground train,0.40,1.00,0.33,H,Restaurant name not listed in WS dictionary
SUIT,P,94,set of garments,0.95,playing cards,0.05,1.00,0.95,,
SUN,P,96,Earth's star,0.65,rays of the sun,0.35,1.00,0.46,,
SWALLOW,H,189,act of swallowing,0.77,bird,0.23,1.00,0.69,,
TAB,P,93,(computerized) menu tab,0.42,"bill, check",0.34,0.75,0.20,,
TABLE,P,96,piece of furniture,0.99,array of data,0.01,1.00,0.99,,
TAG,H,96,game in which one child chases the others,0.71,label written or printed,0.29,1.00,0.59,,
TANGO,P,96,ballroom dance,0.97,music,0.03,1.00,0.97,,
TAP,P,96,strike lightly,0.37,tap dancing,0.33,0.71,0.10,,
TAPE,P,96,piece of something for binding/fastening (adhesive),0.69,recording,0.22,0.91,0.69,,
TARGET,P,96,retail store,0.63,reference point to shoot at,0.37,1.00,0.41,,
TART,H,96,sourish,0.53,pastry,0.47,1.00,0.13,,
TEAR,H,96,teardrop,0.69,split,0.31,1.00,0.56,,
TEASPOON,P,96,what a teaspoon will hold,0.54,a small spoon,0.46,1.00,0.16,,
TEETH,P,93,bonelike structures used for biting and chewing,1.00,projections on a gear,0.00,1.00,1.00,,
TELEVISION,P,93,broadcasting visual images,0.78,electronic device,0.22,1.00,0.71,,
TEMPLE,H,95,place of worship,0.83,side of the forehead,0.17,1.00,0.79,,
TERM,P,95,a limited period of time,0.76,a word or expression used for some particular thing,0.24,1.00,0.68,,
TERMINAL,P,96,station where transport vehicles load or unload passengers or goods,0.60,causing or ending in or approaching death,0.37,0.98,0.38,,
THEATER,P,96,the art of writing and producing plays,0.87,a building where theatrical performances or motion-picture shows can be presented,0.13,1.00,0.85,,
THREADS,P,92,a fine cord of twisted fibers (of cotton or silk or wool or nylon etc.) used in sewing and weaving,0.69,informal terms for clothing,0.24,0.93,0.65,,
TICK,H,190,metallic tapping sound,0.68,arachnids,0.32,1.00,0.52,,
TIE,P,96,necktie,0.70,bind,0.22,0.92,0.69,,
TIP,H,96,gratuity,0.79,edge/point,0.13,0.92,0.84,,
TIRE,H,191,wheel,0.88,fatigue,0.13,1.00,0.86,,
TITLE,P,191,name of a work of art or literary composition etc.,0.73,an identifying appellation signifying status or function,0.25,0.98,0.66,,
TOAST,H,96,slices of bread,0.91,a drink in honor of or to the health of a person or event,0.09,1.00,0.90,,
TOES,P,96,digits of the foot,1.00,the part of footwear that provides a covering for the toes,0.00,1.00,1.00,,
TONGUE,P,96,tissue in the oral cavity,0.97,language,0.03,1.00,0.97,,
TOYOTA,*,94,car,0.83,company,0.17,1.00,0.79,P,Car brand name is not listed in WS dictionary
TRACE,H,95,make a mark or lines on a surface,0.64,a just detectable amount,0.36,1.00,0.44,P,2nd Homonym def is obscure (rope/chain)
TRACK,P,93,a course over which races are run,0.82,a groove on a phonograph recording,0.10,0.92,0.88,,
TRIAL,P,96,law) the determination of a person's innocence or guilt by due process of law,0.64,the act of testing something,0.36,1.00,0.43,,
TRIANGLE,P,96,a three-sided polygon,0.77,something approximating the shape of a triangle,0.23,1.00,0.70,,
TRIP,P,95,a journey,0.66,an accidental misstep threatening (or causing) a fall,0.34,1.00,0.50,,
TROUT,P,96,fishes of cool fresh waters,0.91,flesh of any of several primarily freshwater game and food fishes,0.09,1.00,0.90,,
TRUNK,P,95,compartment in an automobile,0.43,main stem of a tree,0.22,0.65,0.48,,
TUB,P,95,bathtub,0.77,what a tub will hold,0.17,0.95,0.78,,
TUNA,H,94,(food) served as steaks,0.46,warm-water fish,0.38,0.84,0.18,P,2nd WS Homonym def is obscure (cactus)
TURKEY,H,96,fowl usually roasted,0.78,bird with fan-shaped tail,0.18,0.96,0.77,,
TURN,P,95,change orientation or direction,0.96,game,0.04,1.00,0.95,,
TURQUOISE,P,96,color,0.78,mineral,0.22,1.00,0.72,,
TYPE,P,188,printed characters,0.53,subdivision of a particular kind of thing,0.47,1.00,0.13,,
UNIFORM,P,92,clothing of distinctive design,0.78,always the same,0.22,1.00,0.71,,
UNIVERSITY,P,189,large and diverse institution of higher learning,0.71,establishment where a seat of higher learning is housed,0.29,1.00,0.58,,
URCHIN,P,95,(sea urchin) shallow-water echinoderms,0.92,poor and often mischievous city child,0.08,1.00,0.92,,
VATICAN,P,92,the authority of the Pope,0.51,residence of the Catholic Pope,0.49,1.00,0.05,,
VEGAS,*,96,entertainment and gambling and general excess,0.77,city in Nevada,0.23,1.00,0.71,P,City name is not listed in WS dictionary
VESSEL,P,95,craft designed for water transportation,0.62,a tube in which a body fluid circulates,0.22,0.84,0.65,,
VET,H,96,veterinarian,0.67,veteran,0.33,1.00,0.50,,
VIETNAM,P,96,war,0.65,country,0.26,0.91,0.60,,
VIOLET,P,93,color,0.73,flowers,0.27,1.00,0.63,,
VOLKSWAGEN,*,189,car,0.80,brand/company,0.20,1.00,0.75,P,Car brand name is not listed in WS dictionary
VOLLEYBALL,P,96,game,0.95,an inflated ball,0.05,1.00,0.95,,
VOLUME,P,94,loudness,0.72,amount of 3-dimensional space,0.25,0.97,0.65,,
WALL STREET,P,96,he securities industry of the United States,0.89,a street in lower Manhattan,0.11,1.00,0.87,,
WALNUT,P,96,edible nut,0.81,tree,0.19,1.00,0.76,,
WALTZ,P,94,a ballroom dance,0.90,music,0.10,1.00,0.89,,
WATCH,P,96,small portable timepiece,0.61,look attentively,0.39,1.00,0.37,,
WAVE,P,95,ridges across a body of water,0.83,act of signaling by a movement of the hand,0.17,1.00,0.79,,
WEED,H,192,marijuana,0.67,any plant that crowds out cultivated plants,0.33,1.00,0.52,P,2nd WS Homonym def is obscure (mourning apparel)
WELL,H,96,a deep hole or shaft dug or drilled to obtain a liquid,0.59,in good health,0.41,1.00,0.30,,
WHEELS,P,95,rotating discs on a vehicle,0.80,a wheeled vehicle,0.20,1.00,0.74,,
WHISTLE,P,96,device that produces a loud shrill sound,0.61,the sound,0.39,1.00,0.37,,
WHITE HOUSE,P,95,chief executive department of the US government,0.82,the government building,0.18,1.00,0.78,,
WILL,H,96,a fixed and persistent intent or purpose,0.47,a legal document,0.46,0.94,0.03,,
WIMBLEDON,P,82,annual international tennis championships,0.72,a suburb of London,0.28,1.00,0.61,,
WIND,H,191,air moving,0.99,"weave, meander",0.01,1.00,0.99,,
WINDOW,P,96,a framework of wood or metal hat contains a glass,0.63,opening in a wall or screen that admits light and air,0.37,1.00,0.41,,
WONDER,P,96,curiosity,0.52,"marvel, amazement",0.48,1.00,0.08,,
WOOD,P,93,trees,0.67,cut and prepared for use as a building material,0.33,1.00,0.50,,
WOOL,P,95,a fabric,0.65,outer coat of especially sheep,0.35,1.00,0.45,,
YARD,H,96,(the enclosed land around a house,0.67,unit of length equal to 3 feet,0.33,1.00,0.52,,
YARN,P,96,twisted fibers,0.97,narration,0.03,1.00,0.97,,
ZIP,H,95,a fastener for locking together two toothed edges by means of a sliding tab,0.54,code,0.46,1.00,0.13,,
*CHANEL,P,48,,,,Not calculated,Not calculated,Not calculated,,"*CHANEL not listed, some Ss confused for CHANNEL"
*CHEEK,P,95,,,,Not calculated,Not calculated,Not calculated,,All responses aligned with single meaning
*CONFLICT,P,189,,,,Not calculated,Not calculated,Not calculated,,All responses aligned with single meaning
*CUBE,P,96,,,,Not calculated,Not calculated,Not calculated,,All responses aligned with single meaning
*DEPARTMENT,P,189,,,,Not calculated,Not calculated,Not calculated,,All responses aligned with single meaning
*DUCT,P,92,,,,Not calculated,Not calculated,Not calculated,,Response meanings indistinguishable
*EMBASSY,P,95,,,,Not calculated,Not calculated,Not calculated,,Response meanings indistinguishable
*FEATHERS,P,96,,,,Not calculated,Not calculated,Not calculated,,All responses aligned with single meaning
*FLIGHT,H,96,,,,Not calculated,Not calculated,Not calculated,,Response meanings indistinguishable
*GOLF,P,94,,,,Not calculated,Not calculated,Not calculated,,Response meanings indistinguishable
*ROSES,H,96,,,,Not calculated,Not calculated,Not calculated,,*Experimenter error: Should have been ROSE
,,,,,,,,,,
,,,,,,,,,,
,,,,,,,,,,
,,,,,,,,,,
,,,,,,,,,,
,,,,,,,,,,
,,,,,,,,,,
,,,,,,,,,,
,,,,,,,,,,